AIBL,AIBR,AVAL,AVAR,AVBL,AVBR,AVEL,AVER,BAGL,BAGR,OLLL,OLLR,OLQVL,RIBL,RIBR,RID,RIML,RIMR,RIVL,RIVR,RMED,RMER,RMEV,SMDVL,SMDVR,URYDL,URYDR,URYVL,URYVR
101.1760419,137.985288,242.0367414,189.6632907,243.2318153,52.05452385,29.19030024,42.83964925,117.2305805,44.04479266,74.55292575,41.75394673,43.39606449,145.0127936,52.05452385,69.6511466,23.19809608,140.1271207,131.836409,0,197.7165009,129.7847363,140.6521355,149.8710612,102.6336281,12.03281608,24.0186608,65.27983175,10.63869425
107.4060684,169.7548336,310.3806101,232.102565,156.0764588,29.50108962,21.53553293,50.59137977,46.93662466,26.24850462,34.02382578,25.15106197,33.39535807,53.89695812,29.50108962,40.88355824,39.87626773,164.697863,67.16210282,2.844075828,112.1556577,83.82001907,82.58219279,71.00877214,72.7207329,10.12923336,29.1596858,53.54053244,19.70877593
166.5329743,204.4390375,381.6239874,258.654487,125.0123348,22.7036465,31.279773,59.62978901,61.37099076,40.04735934,32.1093086,24.96327176,35.20660303,31.42424403,22.7036465,38.47417607,47.31674016,151.4339005,54.61880316,5.604245487,80.82499153,69.27092463,65.55100834,51.17408707,56.84036748,17.02793581,35.66614159,48.07170453,30.35820053
226.1726679,250.3755584,413.0588456,261.9282308,102.9761375,13.64584754,36.62008856,71.38886397,62.55437646,44.5570104,29.99545488,25.21689038,42.20487682,17.44328922,13.64584754,18.47461882,56.86315938,145.9167864,45.9368932,10.40914966,66.24898893,55.95377106,53.16305609,41.20697126,48.26179535,15.76997226,41.04761848,41.62783566,28.57753209
281.3185767,249.7240512,415.494985,281.1696488,93.66920479,10.30414642,45.23833198,66.99137647,79.09615794,47.07543038,28.35701372,26.08219013,44.85419013,14.98896427,10.30414642,15.87018932,63.86932264,104.3389109,41.51662674,19.14381849,52.95926327,39.63703244,47.56001345,32.41367618,54.82493219,17.27153445,39.88031615,34.42714288,29.25770551
370.0689453,252.3192164,433.9780792,272.1267869,70.02434901,10.92054606,53.74618172,77.12021134,92.23700736,52.51337538,23.42114362,24.04581401,51.61560224,5.032738873,10.92054606,14.90043877,95.95574318,131.2621698,36.40371389,18.52221175,47.71469948,34.79396062,39.16022397,31.47129668,48.21525839,36.35931616,51.66299376,35.33525302,34.99030179
361.1347562,254.6891171,434.2420199,257.2502069,57.92581747,7.360885731,53.8595179,77.67069019,62.13667821,49.82401455,32.40936786,19.64618996,55.54492384,8.128810763,7.360885731,10.35983393,94.14673543,109.3610703,39.92407147,35.41462746,37.14662577,33.76591708,26.07405814,16.6162058,65.44144034,21.15988927,56.36806373,31.96298968,38.49561826
350.5528694,255.7736057,411.6011788,262.9149862,54.79813482,6.299542153,67.58713319,79.00083679,82.49182761,54.41080609,35.51471288,26.42820297,45.3486419,11.51281466,6.299542153,10.5962824,104.3137886,106.4021224,40.59311814,52.22198434,28.41724656,31.08562325,34.19130043,13.26803315,67.47355026,17.79745113,73.19925635,31.79886594,40.82709386
336.4865539,258.3450007,391.1496267,264.3977453,54.18445886,7.526721309,69.80509033,78.40807033,97.03829263,60.47395095,29.17694845,27.06017056,46.0227574,4.98094674,7.526721309,6.429027451,110.7815356,97.29936493,37.74671442,80.84959153,24.57209351,29.88971304,23.52956115,16.13570079,77.30741807,10.2566831,78.83458219,24.44203498,41.15803422
313.1237939,255.802727,393.7261503,262.8376087,44.12852452,8.10763362,69.2973066,77.41792323,90.73139154,56.70028593,24.73903631,28.86829584,46.3928222,9.585776634,8.10763362,14.02314614,104.7399142,90.74240315,33.79863586,115.2860675,23.94865198,27.03619369,19.27945529,6.39910998,95.42067213,17.7176472,76.22189504,25.02196053,51.98199195
305.6880871,253.2296879,373.6706092,261.0884644,38.14425237,8.136651473,78.44201214,74.71452571,89.94190782,70.87605514,27.75564247,29.40201577,42.55461669,9.178921669,8.136651473,9.173680519,113.1521763,101.2780267,31.72547676,139.6702578,19.35582838,23.17516893,20.14267791,6.726684303,97.07767654,15.6054797,76.5813291,22.90557843,55.12174937
307.486133,238.3506953,376.7793919,254.4174107,33.68595077,3.618136884,77.24899653,70.5969454,88.56116131,63.30685405,15.43808447,24.1849188,40.62615118,8.148726321,3.618136884,5.883816306,115.5697489,99.2394852,34.43711783,145.3696723,15.59856865,23.71098393,18.13625259,2.886282093,104.6521729,13.64782834,84.49586689,17.43013533,47.76144349
309.6031065,241.7813158,374.5617682,267.4070266,30.45862999,13.2685764,78.07557436,74.88037999,79.98715125,73.24599386,20.7143413,28.01555314,37.17127004,12.29195212,13.2685764,5.467638029,111.5916028,87.58738693,37.85569034,166.9060111,14.32687725,21.82691687,21.36498255,3.166492608,116.2941447,9.588628458,85.18816503,13.9419598,55.0246125
323.3631255,246.365413,371.8351952,258.9437097,23.6789404,9.288942893,73.84338145,73.73561855,77.56468518,88.31144736,23.96785612,28.08806867,37.59137823,4.995307343,9.288942893,3.61849779,114.059368,94.6833204,32.98420675,157.4747637,15.33748877,20.89251353,18.70169182,5.39640749,103.6986094,10.7977703,85.83160201,18.08489838,56.59540526
349.7410094,265.2294638,354.3288546,278.7497193,26.8631065,13.28493171,92.26279834,92.72152891,96.60381356,94.68807877,31.93816529,40.12312592,46.48092384,11.10711022,13.28493171,10.26385723,125.2389033,102.6342187,39.43646067,113.0409843,18.61776827,26.44118455,16.03072073,18.98545849,71.48718549,22.18134165,92.46773322,24.78205412,51.0868381
337.1112861,237.2066146,382.3307479,279.475337,21.84317611,9.764723149,92.494427,80.42492061,88.24868612,100.391625,32.11372464,40.64428513,50.83594393,6.109527287,9.764723149,7.098829902,148.9470352,103.8060408,29.84906075,88.32685155,13.87719434,27.28645238,16.8515685,17.00185768,55.71523279,27.42034064,88.96842118,33.17618809,56.82036887
320.596112,237.1436119,385.2180031,274.6289199,18.71752162,2.312742543,97.05538855,91.65885182,94.14050533,94.71325424,29.34899022,40.42089738,52.30598624,0,2.312742543,8.739130981,148.4907486,110.1257754,30.5864701,67.60850563,6.495442767,21.46052555,15.55033573,15.05285227,35.53865799,29.48911437,93.6095693,31.48267816,56.39705659
314.2454973,233.0504163,360.8263496,268.9535003,11.26860065,6.625560502,89.61666189,74.83234438,86.46415529,89.99246815,39.60441914,32.53881289,50.17621375,6.469786137,6.625560502,8.858611792,155.1221666,96.50563666,29.58872662,68.36488136,7.837476902,16.01956735,15.91286828,20.04633182,34.22803851,37.68970662,89.95059553,33.7063907,55.6568681
317.7864857,230.3875495,385.15184,253.978649,14.67832637,3.650798776,94.08355773,89.65205394,86.0547903,90.60398915,30.06148492,36.49296702,50.0381271,0.27687232,3.650798776,4.434186227,188.5450271,115.0263639,35.72514158,57.66193276,5.633310123,17.42293772,9.728988848,21.79425287,25.92869607,41.67527408,85.63662386,34.86869785,52.49682105
305.3443029,226.0493824,382.6891977,249.1942273,7.380907062,7.748895666,93.51146541,78.70917526,80.31951183,82.63599759,31.00560284,30.50190131,42.81917879,0.963164894,7.748895666,3.918423581,162.016538,100.0305035,56.02420439,45.30263489,5.217582672,17.68407328,9.723128877,32.10980191,11.16221329,51.81096147,76.57275324,30.85025978,44.95199794
286.5875016,188.9275078,351.4726302,217.6394166,4.51581905,72.67650264,95.0812199,64.97767235,72.80094899,95.17162931,25.12199612,29.99837378,50.02441116,17.30938423,72.67650264,7.436449517,151.2933288,75.57322868,104.4432103,41.743204,4.908230006,32.39458873,8.226936365,64.25116475,3.367271941,60.50746867,65.09353299,28.00586511,33.63119065
212.6398209,126.9070106,292.0446609,167.1161052,44.25037716,187.1053481,82.04592884,49.39327091,71.67751404,89.32743059,10.99818663,20.78640147,38.39332937,161.7318128,187.1053481,30.66857703,120.4103831,40.61412717,133.4378198,40.90318361,9.667988972,53.04416483,18.90745518,91.1062024,2.051575267,52.10462388,50.95090335,29.24923398,31.382352
164.5650292,89.22841598,216.1822201,147.2907217,75.88285875,236.4518084,63.49071091,44.94152775,115.5715391,118.4705083,23.10525806,24.9207962,43.8508187,294.076831,236.4518084,74.549302,100.1387858,34.00739928,121.1075871,27.51767101,25.02014511,89.38716266,34.20256114,148.0092804,4.707744278,40.23599943,43.59769152,25.31152888,29.53482394
134.8430133,89.93088656,160.0798054,98.91240685,100.6579657,235.0706714,56.10737646,41.78897337,126.3951514,124.9431295,25.09931337,5.396448061,41.88948246,353.0601877,235.0706714,87.53602983,81.89608634,36.18682875,112.8301155,21.53483704,27.99293497,115.8133848,48.62826544,179.2508908,15.46941083,34.1758035,44.10367801,24.74602679,21.6501794
125.0773889,76.62947453,142.8243883,70.58568245,124.5661494,255.0426038,52.40319965,28.27043781,120.9173327,121.3324873,26.87763428,0,33.7716119,384.430812,255.0426038,90.95248753,69.20931222,27.67914401,99.95805668,15.85294904,36.37807081,145.3194915,46.63492773,199.6071811,9.103371831,28.95174916,37.12729436,18.52966985,18.93759998
122.169388,58.4016755,119.9698623,73.01793011,151.4909804,250.0479657,45.00052385,25.96214786,115.7408516,129.3632932,28.55799888,30.23793565,28.33848669,374.3107604,250.0479657,101.617467,58.89021251,14.90031381,114.2572013,18.07515248,48.18236072,167.769723,51.43795271,205.8329375,15.51606887,23.16979194,32.83102791,18.2593106,22.51635625
98.73532714,52.73683022,97.82200115,54.21154332,175.9427548,240.9697128,45.35467276,18.06911514,108.4441845,99.53725703,8.156177156,16.20787103,26.33823985,368.7725965,240.9697128,94.92327318,41.24870045,20.49330555,124.2039902,16.11377308,54.55084073,189.8513035,51.0457563,181.5656213,34.56012004,21.1177548,30.19630514,12.92842697,12.61589435
72.15977415,43.71093809,79.28772949,45.77693399,192.5584633,238.2719779,32.75547531,20.06813825,100.0888108,93.74520394,21.38268128,12.57801866,26.70271001,377.0589839,238.2719779,115.8122399,35.46905175,14.85950745,90.42391273,13.07142645,64.34423557,186.9320694,64.55194448,176.4542942,55.21053456,21.5827362,20.63463029,18.84244915,11.57667053
75.76687848,34.42463041,72.41326601,39.75914636,200.8051945,238.0510452,41.24536237,18.08368762,108.651654,116.7443772,29.42007399,9.316277284,25.13891604,373.7505413,238.0510452,119.1927967,27.17067608,13.77745689,95.18761917,15.66650746,78.67452988,182.7808019,73.12835853,157.4677424,62.00106789,17.34334673,25.41916424,15.64672318,9.890301632
61.85255654,28.69106384,61.34981398,30.6430376,216.4028895,222.6978371,36.52757073,28.68377829,95.42748877,101.8709297,26.02675938,12.9549284,18.09748494,360.1587582,222.6978371,120.1221597,26.71271152,17.98729128,101.7156816,14.66954308,88.0524763,167.3028265,75.56830801,161.2638932,104.9431069,20.9373738,23.76939086,15.21994434,7.259157633
58.14262401,22.42576648,57.10222816,27.13305631,214.9062591,234.0499474,42.01415161,18.91983574,100.0178893,79.59735156,19.53378398,18.64963132,16.0371336,357.8548515,234.0499474,118.2352433,19.29454402,16.8019467,103.8299601,14.81662551,97.31635175,175.0795224,76.0565398,171.4205812,127.4755372,11.71678428,24.07691862,15.08922343,5.902831361
48.36277662,21.81346955,49.07162301,25.82764906,218.3298209,203.3901339,32.78013133,16.54021076,92.32548991,109.6329885,12.21754351,13.40919516,12.82978025,373.6359498,203.3901339,116.2761262,19.27175255,16.96900439,119.1732033,17.9586733,104.0841304,187.982287,81.8296949,133.9388019,172.4122096,9.997283638,23.68663028,14.23709675,15.07345084
42.12007357,19.62106932,44.44641156,21.64724622,211.5781197,156.2898161,34.01044556,16.3370798,115.4230826,140.2826365,18.78183047,16.62765547,14.80477075,301.9498719,156.2898161,113.6069994,14.68165315,14.30401872,97.77923453,15.77252301,99.71200761,177.3800259,85.14862914,105.3979088,119.3028011,17.98294155,24.90333452,17.76315304,6.646423021
46.55254991,26.80151716,47.30463035,20.89356493,197.5014872,147.5316968,29.01945201,14.83119646,109.786251,133.0299416,17.73703049,21.80580191,16.18257455,248.8878971,147.5316968,109.9072879,16.7523137,15.02411815,145.9230735,18.41500997,99.45891672,192.2787952,94.74399596,133.8365014,82.08012655,23.97661477,33.08887303,30.1833912,6.498579574
56.32350633,17.82664697,42.44054689,13.32813404,180.3471259,162.8231906,21.58823077,13.24416401,98.50190065,139.2675746,12.67904635,17.98717697,15.09149417,240.27136,162.8231906,88.69653755,15.5632373,11.30973859,187.3290826,8.513735399,100.9865119,185.8870201,88.47491867,143.9406337,58.41393429,29.17989985,24.33079438,34.72719183,7.489969549
45.34178236,15.82063719,35.87279575,15.09888662,191.245007,171.8481219,20.98727466,9.902363623,111.9874612,111.3430468,9.365032391,10.10508678,18.17546655,289.0945729,171.8481219,96.71378063,11.82086791,15.51272321,184.9838681,15.49174599,113.6151679,192.6303822,88.1551659,143.2055938,57.97160919,21.62825671,27.63267305,35.06907826,4.120063096
45.95206787,26.00302738,30.688454,9.350680146,185.6868227,155.6065251,22.97493304,13.84807242,120.9172797,94.88608049,7.251222573,9.8699645,17.27366029,253.866514,155.6065251,85.32127772,10.95323486,13.5125046,186.7333979,14.79137744,121.9628581,187.7564263,96.19904704,159.2565451,49.21862992,32.62743907,25.78712167,35.20506887,6.377800104
46.00945714,21.60042217,33.73430285,13.58699926,169.0858309,133.9033332,23.15118727,8.980681399,113.2295937,115.8071182,13.51253773,14.75205027,17.70579518,247.9523105,133.9033332,95.43638118,11.27929193,15.56025399,174.3228902,13.63048434,124.4582752,189.1070599,92.34563225,165.0803855,55.09368842,24.20977133,16.61541455,42.67754118,10.29192102
55.58835813,12.70046581,28.84967606,12.47369759,174.4107935,195.7015234,23.56750883,8.123258001,97.33765392,66.57902461,12.00816075,7.33436332,19.9154505,259.0872931,195.7015234,100.249526,7.090534213,10.80606262,146.1975245,14.63040794,124.4780504,180.6486311,94.62717672,128.3255439,58.37902614,29.3818931,12.2115431,42.53114966,5.859229673
48.80912941,16.67255565,26.12218226,11.51715689,179.7172367,182.7859622,20.53291524,10.50854106,95.28178535,57.22554955,23.01996762,14.97786164,13.22981061,326.9764466,182.7859622,115.1479387,3.585520356,13.39018487,106.4277965,10.83589614,123.9615441,171.7096771,104.0685929,120.1717085,89.58468105,18.74081499,10.53424776,41.89978405,6.245259859
45.88966525,13.28854212,18.0822255,8.83248725,186.3225836,182.7553264,22.35992835,6.919616316,101.6043732,61.51129345,15.83138361,12.41992933,14.68798565,319.5115994,182.7553264,125.6978068,1.29613404,9.76565733,71.54090732,19.71060739,128.9484777,155.729948,113.0565126,79.1427851,110.336558,19.40549272,15.23872076,29.57256094,8.531191646
34.70091082,21.34267005,21.710819,15.32406153,180.8937198,147.1539382,21.59949593,9.329257458,117.9715338,63.88750591,20.98257284,16.62020431,11.84683484,270.5827025,147.1539382,117.1522357,0,12.34976796,67.6025615,19.94936265,122.9251797,150.0743435,107.025219,59.3613705,154.1423009,19.66166238,19.78794898,25.74911107,3.034209693
46.43149918,26.01294224,21.7545735,19.58386924,151.3087313,82.36264558,17.26822723,9.51497123,104.4855445,57.24904543,15.79873745,11.0693582,7.44641143,177.3140122,82.36264558,88.28378514,0.395282857,17.80094208,58.28949468,19.00011172,116.9644184,131.4372282,100.0466967,45.53176082,153.6842027,17.89409488,22.77261031,27.47933582,6.826732088
44.22809809,47.61367583,63.42961369,65.04823722,123.2282129,47.67392681,19.6611409,12.7626425,47.46057199,16.64784238,17.41161685,8.507041313,7.434285536,92.27014603,47.67392681,68.13530312,6.950182015,38.23018241,43.32031909,14.44410545,91.65809425,97.82223518,78.66634318,36.8443978,101.3984099,20.37794607,29.63726228,36.28011757,10.18761586
50.66227553,67.73556664,138.7875973,128.0116255,98.82585212,33.21864215,29.58797082,31.38918634,26.8207661,6.836683767,10.78442421,5.66314703,9.499009083,65.47858035,33.21864215,48.63645153,27.44993606,50.65950016,35.45107408,15.65247786,79.73471391,79.51767031,70.69697711,35.62983094,63.2305595,27.79865253,33.74146785,43.44375397,18.72662611
83.17361672,104.5704604,232.8340447,217.5816036,78.2978857,17.32996814,31.11112429,44.34165798,21.67707432,5.010375443,11.28508879,6.850936566,13.52100551,30.58784322,17.32996814,43.93728902,47.1303218,67.32138143,28.00346307,17.00330177,67.1757548,56.67531791,58.74021553,28.5819068,44.26610854,41.95452837,36.35323109,47.10193413,15.9097463
112.7277467,137.8159341,317.1441212,263.1369182,69.12816097,15.11007185,37.87044612,47.02749124,27.53135483,4.871083322,16.42656289,4.499087705,13.95242609,15.3913172,15.11007185,34.80016397,55.64647683,80.58439685,23.04023516,16.61917076,47.64326749,43.8719342,50.5142936,24.99959954,38.74432658,41.91871658,40.965896,53.62858996,18.94538954
148.0259742,161.5185111,365.0898924,284.9446639,53.69418396,9.548498641,48.61394697,51.90949474,30.6410062,9.052125747,24.74071402,7.299752803,19.64943628,26.39365026,9.548498641,32.69080181,73.15635626,98.90970275,28.19274746,18.49786847,43.71519791,42.61590105,49.52284136,25.95640229,31.76435832,48.01102285,38.91093858,59.39781534,25.99281232
196.7796359,191.7461572,387.2051923,292.6496697,42.17865645,1.580168916,52.41655312,66.39333187,35.7400755,7.745275743,12.87075288,11.20044647,24.06035184,11.5941731,1.580168916,25.5727659,78.55073586,129.2562659,22.04186159,13.78743515,37.32470683,30.49768717,36.0185706,16.06643087,31.44257692,47.69422878,57.67789341,55.93437712,31.73217818
277.0766562,256.1463801,396.3374619,300.3382267,37.72597155,3.817370792,60.84781374,70.66014012,42.11700528,16.25916818,23.32086667,12.70528687,33.46394287,10.19112013,3.817370792,18.82916231,106.2891608,151.717009,30.98849866,23.05207273,31.59778039,27.8163258,30.92017496,20.72853581,32.95092414,55.24635574,53.11011851,52.45734828,29.27005055
282.8919575,242.6486034,388.358952,305.7780473,36.65512946,5.70807548,69.19518184,78.04175058,60.05226537,22.63306713,25.43948201,19.09229536,41.51050847,14.95883179,5.70807548,13.099128,114.3574516,160.2920596,34.73114744,22.92254625,25.7094067,27.23130666,27.2770967,20.39667205,25.6043722,57.37345479,60.22567873,50.62829159,38.40029049
288.7552883,248.0431554,384.401136,291.114846,25.87724732,5.249750463,65.5641343,77.96817485,57.86315822,23.4459973,27.13610002,21.59288027,41.22429371,9.060961073,5.249750463,13.44688717,129.1928223,171.1052337,27.59465857,21.89119649,21.06183396,23.0534269,21.19516314,17.89038833,26.06245885,52.48176523,58.81976346,48.38657985,43.15430999
298.5285944,271.6765078,383.0674142,281.4224327,28.38721916,7.0246229,71.71220523,83.99912912,56.33967709,31.08582685,27.99932168,21.78346374,49.10103571,10.26180853,7.0246229,12.95958446,141.3986958,165.1795026,27.2511236,27.1376471,19.34900576,17.64101967,24.92257113,17.16430618,21.18065924,54.79051792,74.07605628,46.50191729,43.51908523
289.8705103,258.0895335,365.4428705,270.9643783,15.90891267,2.430656161,70.20856855,79.84575712,56.47362578,33.44189799,29.50313534,18.33671685,48.97554975,10.34586749,2.430656161,12.21588244,142.2378571,161.045087,20.35657344,27.35837888,14.47019646,13.53324118,19.77299994,11.76233935,19.85329862,55.10396507,64.80976906,46.58609166,41.30431385
282.0661838,247.7882661,365.8497436,253.2006398,20.0845416,3.566216977,71.02222098,87.23568674,69.44447817,40.68857969,28.13497899,11.33709363,47.28182631,10.44533901,3.566216977,19.17237798,159.6983888,165.7370369,21.58522244,27.09225787,12.03915789,13.56163138,15.65421686,15.17470192,15.87180113,55.34051368,72.82121306,45.04126293,30.90976443
284.7266025,253.0855984,375.6611104,264.6352249,15.75703397,1.734134555,76.99384404,86.46694575,57.96470213,39.68741053,32.49657933,14.30806661,51.78354315,5.871352072,1.734134555,12.08764418,171.7753731,158.7265595,26.37197834,22.66760544,11.43245754,13.71912395,14.50861064,10.04042561,13.13455752,52.31247617,75.61155205,40.54537149,39.5272987
284.5389381,253.8961113,364.8908036,252.133917,16.1847273,4.122281836,70.38399208,84.26025166,66.97303027,42.91973732,38.83471104,18.68001085,49.52555885,8.759721166,4.122281836,14.52614571,171.2375996,170.4276225,32.52117779,29.53220226,9.72947388,14.01361224,13.17527197,12.18263305,15.13690113,50.97956392,74.46891082,35.33338612,38.71919939
270.9859799,257.1245563,358.0767669,243.9490441,13.47550666,1.151381859,73.42691067,77.28431416,84.0392989,53.65158099,38.61856464,15.13202812,54.04832261,7.004443369,1.151381859,16.21436806,169.0814469,155.2841734,33.02796139,22.95692135,11.82389611,15.67225495,11.90120344,14.82474509,26.00284277,55.59869723,72.40916699,39.44371207,34.86566238
261.9397752,247.3156683,335.0203332,254.2476597,7.865856973,4.581057134,75.60038848,81.41620706,81.85194855,50.13520006,35.64530699,19.05583481,49.45157912,7.804905021,4.581057134,9.899484571,170.5437986,161.3948237,20.9477246,26.73460733,8.215158611,9.79069321,6.86699959,9.588869738,19.15493607,56.18855099,70.11314594,29.75311864,35.016883
271.0625672,261.5535746,347.273168,247.1235002,12.92282708,3.071794817,78.35201898,78.89629621,74.98408022,57.55420087,46.01620537,19.40364714,48.19140713,11.7613641,3.071794817,13.08281715,170.031201,159.431024,20.01978107,34.27601348,7.445096789,12.75340579,11.43307361,9.394297179,26.13798973,45.76902549,73.85909741,33.75870418,38.77791652
263.9431974,252.8741026,344.1630967,238.3932522,7.919265485,6.98668357,81.82126217,75.90923419,62.70829596,60.71841401,42.75135743,19.27233977,47.95275498,9.878016609,6.98668357,9.759702609,155.6233024,168.8280575,20.39569324,38.3104044,9.704197981,9.850201352,9.45862509,5.635939584,45.84652201,41.49133006,81.80735259,28.31969479,38.97808348
267.2593231,246.1505181,341.2936405,238.1410873,8.364262591,0,77.4559506,76.61572867,59.11987699,60.35729278,42.72259374,20.61434205,54.10526236,3.600825449,0,7.28073865,161.327466,149.413008,17.31020741,31.76685992,9.089133895,11.13950469,7.137043314,3.99932459,41.16460441,40.35160357,83.17544286,27.62832742,34.31352289
285.1745416,247.9391607,337.1212602,248.89277,7.562960723,4.882590899,89.15898501,67.56777598,71.24345784,72.75783265,37.2560541,22.20829847,54.39374821,4.861929956,4.882590899,14.81482194,157.1549014,152.6637791,21.97341235,30.88472352,9.963431631,19.56026646,11.94421127,1.281206986,41.27731207,33.53233908,89.02724086,28.83621348,44.88217872
253.233206,247.185271,323.013411,225.895777,7.09924836,3.614644423,92.96294932,70.9768849,76.69248262,66.8349035,42.4680182,16.59144498,50.43787272,5.337633126,3.614644423,7.005446505,149.9335775,151.8424821,24.42104336,23.50431989,6.155120572,9.975794287,8.607143683,8.884319685,31.90673145,42.94600036,72.32464995,32.37230929,38.97059156
252.9747784,240.8931748,330.4709232,226.1309073,2.570379128,7.231546136,92.33263831,81.66820508,79.75638547,70.25194269,38.09969342,17.87000322,50.74188589,5.014770373,7.231546136,3.670229748,152.5538141,153.9994798,25.08860867,29.74544765,2.093736947,10.77806472,7.903067453,7.062038637,28.96220862,41.48410351,83.38815394,36.96092077,46.01966336
258.7461788,231.782753,324.7751326,217.129159,5.081592143,1.036810785,89.57369598,82.5741566,81.66341479,66.61934927,40.0728696,16.96773636,59.06405808,11.23747112,1.036810785,6.283573499,167.7512187,149.9958693,27.2326861,30.96395406,1.31705783,8.214291341,9.165980639,15.76138528,28.31435391,49.75880551,82.03793195,40.92444518,51.03341548
254.4359789,245.3697233,327.0929972,213.7325957,5.34072805,7.971580753,87.02679535,83.79542651,70.36074748,61.68933374,38.15987286,14.84072523,50.11414088,5.696658271,7.971580753,9.112953108,154.5671956,147.8036057,28.83220195,33.71344018,0,10.72332774,5.195128253,19.36455221,41.0669198,39.39193889,85.18071715,35.11974761,39.47531989
240.4015667,240.5616751,323.6086939,215.3133121,3.514688667,6.093199522,83.26753291,74.77028276,85.65048642,61.41553766,38.51660315,25.32180326,53.27404249,12.96931389,6.093199522,14.38451346,139.6666896,146.8016009,20.83636816,42.4201592,4.767257523,17.32276242,11.73586392,7.823829828,78.87767881,45.05231003,89.77091342,34.0295681,55.19071166
224.0402389,223.4304746,310.1014668,204.8448504,0,4.37821587,94.31660958,69.72800112,63.26609197,72.78237494,41.24781647,19.79558166,41.67781106,7.687950334,4.37821587,4.613002408,124.7219347,127.8329636,15.73165663,38.40484672,2.213721369,18.20069385,9.137641901,4.961675289,93.3450883,34.0520897,86.53874509,26.65216504,43.13944316
234.9582515,238.6452135,277.0136271,216.7318539,3.883189295,6.46199791,86.61789886,70.66037229,87.77341143,80.8509865,55.68789142,32.24493402,43.40669888,17.03617414,6.46199791,19.98487043,119.2128199,133.592294,13.14930658,39.28785919,5.49898427,21.14877621,11.69256381,14.62468105,111.9612307,37.93431235,79.10308304,37.06520753,44.18379311
228.7973934,235.8618694,292.9154649,217.6543914,3.765852335,11.95124139,88.61279494,65.04017537,81.03009093,67.83045235,58.77612394,26.50248039,45.03672787,13.42345841,11.95124139,11.70578004,113.9955879,124.8106117,19.12175895,38.78389036,6.555449608,23.03091786,11.86117809,9.07432501,126.0708514,36.66436279,82.50531921,33.04560053,34.32394179
242.5020711,238.3020075,293.2046187,213.0318955,3.31875472,4.930414302,89.72046259,73.51759006,79.46149908,83.18499625,48.49287918,32.46662079,37.20940192,12.34023302,4.930414302,7.852433908,115.2350794,144.3858475,20.79273226,41.68867631,3.040027648,17.07473225,9.279265626,3.977631941,137.8121675,26.18232354,91.49108963,28.61807697,40.74588286
255.656614,227.9112274,272.2499958,215.9791715,3.050123168,8.66651844,74.25743597,65.32877898,83.33101902,88.55204204,55.77480978,31.48204903,45.53517232,16.82220775,8.66651844,8.243055616,123.2798064,127.4081243,18.04457985,50.07649212,2.981564578,21.14279726,16.97330966,10.84707016,138.6750908,22.5090361,79.17175447,28.37015597,40.88926125
251.2293576,230.1987673,276.286008,205.3337429,2.833410632,4.700745514,76.89643057,58.82497894,86.45516676,102.332027,53.87103946,22.10260375,44.8534587,14.67725002,4.700745514,5.26292872,92.92049388,118.5936819,24.29513298,55.75131689,7.02957194,18.08127862,11.30802558,7.29304633,136.5639944,17.39735076,74.59162857,25.67022412,36.29066587
243.4339282,241.5462967,264.0756734,198.4917177,2.330193104,7.685883954,87.78189109,68.17850518,72.21140639,108.2858823,46.67052356,31.45429097,39.79408258,19.70024241,7.685883954,8.156306468,102.852552,124.5001835,22.5649487,63.04093367,9.745613319,17.7458809,9.091932992,1.304983788,144.8658978,18.11076246,85.93706497,22.95401433,39.48453362
247.3004413,232.4985159,259.4464659,201.3841785,2.487925674,8.697143339,80.13092512,64.4707396,81.4718234,101.2828967,44.48468855,31.9919127,39.94372969,12.21220246,8.697143339,5.573705535,91.76243198,130.6008811,14.22990803,65.63923441,7.191431185,15.04982907,9.426619908,0,141.5255761,18.2275673,66.96457478,22.4979237,38.74866192
249.4608264,226.8469309,248.6605023,214.7037445,11.84409083,14.11024862,72.60984856,70.98053435,85.4029154,119.9353041,64.9584372,28.94293401,41.35200979,22.02477197,14.11024862,13.13555159,102.4585319,130.2327607,17.05373331,54.87521633,7.463821755,17.91353749,15.80828545,8.901112278,127.8909287,15.06128195,72.25693455,30.09792424,35.75874648
230.5589301,210.2035798,261.289299,183.5950729,0.724831173,8.640523646,74.50426874,64.87274395,91.14316729,115.3495216,61.47638633,21.06702271,45.81304462,12.49226864,8.640523646,4.204275429,106.421502,112.8414887,22.05574855,49.48814357,6.79295909,9.967858884,6.906341241,12.19415464,65.88987168,26.30995402,61.72300844,26.73183423,25.64320877
258.2677717,225.1395975,273.9925319,199.9344497,2.861209277,3.180134116,79.10398443,69.93893122,72.55430207,116.0093404,53.18695117,22.51492954,54.22726936,10.63450372,3.180134116,4.60318862,106.919472,129.0445865,47.23341501,51.06053524,8.35334802,15.70260779,11.2836312,23.05649445,38.89720342,35.34708921,62.17817932,28.85892729,35.32855075
250.8573475,200.262436,265.8397726,176.0728392,2.421878364,16.72306516,83.51669555,65.29679148,64.01622059,122.174755,30.33798142,19.86590124,55.36166907,10.1323075,16.72306516,8.532829332,98.39824869,90.36805241,109.3057276,45.20170004,11.3582306,28.99669157,12.21446276,47.8047032,25.3843617,34.88029301,53.49015694,31.10929963,24.69506132
221.1237616,196.3592161,222.8297994,153.5912862,3.199702272,14.15737123,62.19034957,55.06230484,58.60615843,118.5969425,57.95109088,20.97521453,52.45076804,12.58282237,14.15737123,11.1972545,89.61113631,76.58604827,163.0637806,36.15408683,18.444274,55.89581793,13.36688146,88.82934855,18.40751969,32.90924343,44.46337267,39.65754743,22.63845017
216.1525383,158.9743138,209.421161,129.6018515,4.199391808,36.23836452,59.6003213,57.05110215,66.34070942,108.4766436,50.01608982,26.06262687,54.95163013,24.96104488,36.23836452,9.235805487,74.31256028,68.96925436,198.1213925,39.88848565,24.69733584,85.21525246,16.93878406,106.517447,12.95137418,27.45782065,47.46611324,36.85060993,22.98598941
185.7605331,135.7341012,177.3563219,108.0392352,6.226745598,32.79427156,61.03747799,42.13626135,93.47782627,143.8587211,45.38313332,29.13102736,47.57715224,40.8824709,32.79427156,6.623334262,62.92527931,50.79890294,193.6023399,32.40508862,32.95171846,116.2740936,19.53154845,139.4864675,18.96544214,26.19523883,40.52296529,30.56891553,22.62552611
183.8979827,141.127266,152.8876201,97.40917288,7.222244074,45.26832269,56.03371793,40.38641402,116.6079591,126.7971952,42.82015292,17.88530514,44.12430048,41.95410257,45.26832269,7.279343445,61.23135272,41.3073548,173.8801457,31.89030367,39.08330531,141.0364049,22.54095116,138.6285735,16.41979682,21.11939365,37.44578063,26.58410272,20.81740916
166.4569893,113.1897386,133.8946521,74.86006653,12.32714551,91.46124517,50.23822728,34.52020604,115.8125123,99.97383968,35.06494139,21.89538757,44.56225762,67.81031771,91.46124517,13.45836618,47.83151831,40.17762034,157.3698246,31.41668877,55.64785218,162.2016248,28.73199033,151.7221207,14.59197452,21.63108429,34.73710961,20.87237164,21.19790591
135.7187408,103.3008374,109.2354394,62.22909865,20.0622731,138.7650439,44.28794899,29.40046118,95.85392025,77.47775522,46.36879483,27.23603865,42.94879149,136.678928,138.7650439,8.477119889,48.36402763,33.06927933,156.5454475,35.25601134,55.07527874,160.7644613,41.44297433,173.7533338,40.71781021,16.90128002,26.89992482,20.93889688,14.71381081
97.00271588,86.25258277,93.41385754,53.1451429,31.49587685,189.5139851,39.27526764,27.01001197,109.4093806,48.25403002,42.3090727,26.41622838,26.96510342,194.4420397,189.5139851,9.86655545,32.52313015,27.90305272,122.3287795,33.97312978,62.09408946,153.9152454,43.49106538,115.6259215,65.13138522,13.88994614,25.95397358,20.2444923,15.51280791
80.54812668,80.37928681,76.1426154,47.79669919,48.46561108,220.5041104,34.70444396,19.49662715,97.11601865,34.2629239,27.53912853,23.45474652,22.00468999,246.3341973,220.5041104,12.77365431,32.58103055,20.7015392,93.57959221,42.24148803,70.33161096,163.0010412,51.78789646,74.48640782,112.6835215,18.85098558,24.47118597,18.56801973,11.04557788
58.32267107,75.56096436,62.80300029,42.35436631,48.87465406,228.7496568,31.40469488,20.23475712,103.022279,41.38518934,47.43103025,19.94580218,14.83198765,281.9416347,228.7496568,22.75076709,27.2199584,15.78783557,63.52463086,51.08306858,69.37765252,156.9588816,62.66713057,72.10641672,157.4978309,14.1885579,21.25863142,17.92568142,3.874945837
60.65797288,62.91675534,58.96045784,38.28445852,60.98116963,244.6657949,28.91547602,13.14356827,113.4504146,58.45895093,33.5211683,11.72309281,18.90914803,296.24508,244.6657949,23.13155892,27.02171839,11.08196774,52.39598614,67.89905037,80.85416502,142.3541325,65.26273387,48.90565727,178.4883856,13.65515088,9.7276027,17.82952682,9.259499084
46.02060302,60.62409294,50.30825959,36.2942453,79.88165992,269.3866748,28.91383353,16.13651093,112.0655731,88.01058369,27.45297868,21.17355441,17.39400856,302.6448771,269.3866748,30.74317721,23.02040789,18.94715501,45.13212171,108.1652333,83.7810124,135.7162846,74.90305198,36.4724891,211.4100398,10.16562055,22.57090487,16.81030076,9.790669284
42.88625082,56.14712793,40.95714164,30.08449031,96.15297768,225.0997057,23.04013522,8.637822812,104.8493656,84.01099567,23.78973631,15.83038379,13.43760494,281.2973658,225.0997057,27.9980588,16.52586061,11.16147176,63.501439,121.1941697,80.65084521,152.0073617,74.58693473,57.89964106,161.1315173,12.7709134,13.1614224,10.33180733,6.824835721
40.82225275,42.14359477,46.85596936,20.23404756,116.45621,239.829013,18.94243055,5.381842159,90.41555154,73.81871237,26.62265122,20.48707089,13.73134306,287.7638714,239.829013,27.07912048,13.29263524,14.34453095,88.95495061,133.5759254,83.76217259,158.0109045,79.82626586,85.69854638,154.8955383,6.615987374,11.66664134,12.43937013,10.05143691
36.84549604,30.70024273,35.01927439,20.00590579,130.8966761,230.7513551,17.08348877,9.169845935,84.21286952,89.09881933,21.64904768,15.66513113,17.45767802,299.4385213,230.7513551,29.73372851,19.61746775,11.07716897,111.6520679,123.9624356,89.35162723,160.6060227,78.12070301,108.6969255,96.57936768,7.179681996,12.70229126,9.348154491,2.896016321
42.86385637,23.13189154,31.78794912,17.2579196,150.2100128,221.332441,14.52635831,11.14626636,92.78981817,116.3862123,30.20480559,24.21084327,24.9532536,289.833589,221.332441,41.61259307,23.31831465,9.54627321,106.0567093,112.8204518,100.3433256,168.4623834,85.72194867,111.1715953,68.1881305,6.609116443,9.825379043,12.61855622,3.399335165
34.2919409,25.97152169,19.35197326,12.69811667,148.612353,202.0823024,15.03805735,7.079693598,97.43496998,94.53032917,41.96760585,10.22639732,21.37129192,245.3204669,202.0823024,30.21138208,10.68131751,6.992092604,115.3589825,92.41294896,107.3563649,156.9051679,89.35636133,170.7155672,52.35627057,6.750430469,3.48979359,21.93936307,6.778230932
38.04399334,24.0886983,23.42263291,12.61658758,153.8932063,199.652295,15.24594465,9.243112974,86.57606429,104.5502962,43.68866221,21.79211038,22.28635463,237.0322564,199.652295,34.7889751,16.4063309,14.88720451,142.8880642,83.93890051,106.4369388,168.9375507,106.0814055,186.1500153,51.79329534,5.458804779,8.522223711,26.5870003,4.537560333
49.42009915,22.6524083,21.86198937,10.03450301,157.6256072,201.726428,11.59176929,11.72575904,77.05496417,98.61909231,41.41931123,21.09515004,23.02281866,256.0596791,201.726428,34.81641184,17.50054221,15.88396149,155.1514684,72.19770669,111.3708837,176.2970387,104.199172,197.7086633,57.60078302,14.95647279,5.429517093,33.87839191,8.981492171
43.59871696,18.34265663,21.67639588,8.751798684,152.7025828,173.5835286,10.54241869,8.473210677,71.27103917,88.85914814,30.28881276,22.57126336,25.70212214,235.8083233,173.5835286,35.27747902,7.748343908,12.58885758,165.1382488,71.5792465,117.7790925,168.1813541,94.9342506,187.5595979,50.34593418,18.8638826,4.578003304,30.91428035,9.71086527
47.0649998,21.63299436,17.01414301,9.23747983,156.9844929,163.2043604,15.48482959,2.391866825,77.61243333,89.92148322,34.82084692,20.85215694,25.77283325,198.7015894,163.2043604,36.36493755,11.9467056,9.771990992,163.2548087,66.87301578,125.2724732,165.3144441,93.9594656,195.6539776,54.73303479,14.97107237,1.610682926,35.92520536,0
52.48392337,22.2930297,21.40505957,10.38907506,153.3638962,180.9028658,16.03140547,13.7573985,89.34457287,65.88579661,37.56982255,25.3039521,33.55456166,199.609275,180.9028658,33.46749456,14.26955407,10.78181722,171.9325547,76.20144307,132.7435004,172.7891522,99.91855956,194.6931921,58.43973094,18.46066999,9.749198492,40.52447698,8.60458069
38.1216836,13.71615977,15.87115951,11.39270413,165.2972221,216.3110337,5.944082831,5.607864375,73.3142782,62.48935252,22.46048482,12.4731451,25.79728793,252.9295036,216.3110337,34.27865746,8.535213316,10.24890162,153.8167287,76.9516425,137.9069392,168.7220345,97.02793437,153.731447,67.3108895,10.1622077,6.135577949,29.81117955,12.20735038
37.31134952,14.80215475,19.50253077,3.633735431,171.7302157,225.3699623,7.688275165,7.389049348,80.02804846,48.20498798,24.55292917,14.16809678,21.67534769,301.1687981,225.3699623,37.82261905,5.746240482,7.428569676,100.2990908,76.20151481,121.0974961,148.1989358,95.55737033,97.74032689,86.00832972,14.55819859,2.421910188,27.78272655,3.707773989
36.5672382,7.14770251,9.263351533,5.168243846,191.3543253,253.2018918,3.938370433,7.427593711,79.20366304,48.38493965,16.42911773,11.53883354,18.24646749,311.7387429,253.2018918,49.22904069,3.196728687,5.948813834,67.69975253,56.64338011,123.789536,126.2130183,103.1165486,66.79149833,102.5854127,7.994002696,3.796036726,19.3013762,4.605056955
28.94754325,6.965296679,9.802195134,6.084337924,202.8776729,221.8834103,4.746872311,9.487166409,82.32623627,60.01479213,10.55174428,11.51480232,8.351592576,314.4608076,221.8834103,57.13353971,6.796059493,4.722462352,57.32287721,63.27779107,122.1745673,122.044442,105.2846511,44.5721447,136.3205711,11.0982623,5.46583732,16.76116129,6.267203752
28.52947489,6.21152267,2.431919095,13.980808,204.8850227,217.7930595,3.549432806,7.993356195,67.14426874,83.39533316,29.78208766,13.62369965,12.94017339,294.1663861,217.7930595,77.26615797,9.089664935,7.765532601,41.47279981,85.15918333,138.4236939,113.6767599,121.7335595,49.62347266,164.6381645,12.87680893,2.956689206,22.38566167,7.57282508
30.49583234,7.152559003,3.438156159,7.728059363,198.5926062,203.9582765,2.498203879,8.721171173,73.37110113,68.95678322,24.49282672,10.45169694,7.304872107,285.9009645,203.9582765,77.27512442,7.79647186,2.319261964,40.56040857,93.96386807,132.3614455,120.1126031,117.7067728,37.72010135,171.2959494,7.553901684,0.839502347,21.35345496,10.80949267
22.11201811,5.901836971,0,7.241541368,193.8277795,190.5260767,13.06488451,7.402080723,71.78509907,64.17401923,25.81103191,7.94020532,7.983902104,277.3581748,190.5260767,85.91482526,0.404276686,4.459906707,31.27205732,123.9088118,139.5526206,121.2974241,111.1646838,30.97386526,184.8679452,10.46768307,0,19.65772281,14.48873676
20.7257483,6.25254957,3.196297342,7.938471555,199.5596907,205.5887011,5.475589538,7.529866252,74.54403963,70.03018555,30.25451398,8.470208109,2.92725816,246.6521587,205.5887011,86.06319263,10.12736496,5.676212026,31.47213859,161.5968969,144.4621454,119.4649781,121.5054501,28.39314162,213.8090787,11.76051656,3.742424307,22.3619604,17.86480589
20.63660121,7.656337901,5.061322823,10.42010259,191.2131349,164.0508204,1.283564399,8.097810443,66.13501111,76.62324427,25.57744318,10.69729146,7.260571796,239.8299553,164.0508204,93.81753576,4.538246862,4.697831472,23.99307961,185.9640416,139.0072112,115.5573146,112.7033103,19.81932331,195.4558557,11.22937125,6.283282319,18.41543493,14.73904514
27.73065323,11.09726025,2.316481612,4.722130506,179.7757644,99.69143148,5.624402778,9.212116153,74.14032908,75.58386616,28.45931146,6.992804988,9.680616765,189.7349485,99.69143148,67.60522743,6.854035969,2.65748361,33.36406587,169.3084116,125.1957989,98.3453664,112.0495029,12.89049623,155.5679308,4.21273815,2.83741009,19.03977088,19.35808394
27.16230435,21.59560458,7.369212059,7.176536303,148.2073965,73.78953597,5.135671572,9.942583293,45.78489766,94.59714575,29.67792426,13.06318663,11.10782568,112.1977394,73.78953597,60.03329556,5.6359149,16.43267552,37.51686286,148.2596797,128.4396211,88.66604018,92.67037207,25.59108173,100.0833098,18.59699851,9.148446205,31.70959772,33.16691506
26.76461767,28.21028598,28.23064824,40.51720997,129.4675417,37.96036687,0,19.82788618,16.7140128,50.49195935,23.70348169,10.44192914,6.767068765,56.68779912,37.96036687,32.56698784,13.89152801,27.25043611,28.24387257,105.8023029,111.8383953,62.16626312,77.84957257,25.60436618,63.37657004,19.10593376,12.299988,41.09704832,31.51172697
28.72570322,51.67630555,102.3581413,97.64213723,106.5832367,32.68018445,9.513578642,33.67421802,4.598244891,12.09474475,17.93171017,1.50305109,9.566266477,33.09282015,32.68018445,34.08084617,22.08701822,35.11254029,19.74804069,86.70336717,97.39364528,53.03655112,69.87218488,19.67334873,49.39713077,21.42173913,12.38158608,43.92257656,32.18849713
44.70698553,70.20359435,202.7287322,152.4265581,98.58068929,27.57122829,12.08691537,39.53799698,0,8.055516275,26.76583715,9.679425188,11.79528718,25.13591514,27.57122829,27.3332983,38.45378085,52.14675822,20.7100095,75.29786303,86.49699881,38.95216474,59.95071656,19.73960243,36.95156606,33.71538154,20.59472021,47.79892987,34.66580983
51.25716448,99.48530959,277.0967508,212.1490874,81.9948353,20.15992989,19.36406402,50.38761189,0.244327291,0.211420426,17.52003348,11.07711496,10.94335228,12.15681185,20.15992989,19.32736847,51.86412874,63.97295145,17.67401235,67.06428481,63.73785468,23.80230677,44.88562589,14.69088251,26.97636344,29.90225457,24.77451269,63.20629985,32.86755865
65.52543896,144.2640562,325.6947053,245.9015862,78.75418829,14.66389735,20.3216233,58.77828445,2.085259848,0,22.38986598,3.744238803,16.4855817,9.766192244,14.66389735,16.92682658,64.83317165,75.28835451,11.23622877,56.32884383,57.80089737,22.5771348,45.51733938,14.62345614,27.17104957,38.38549882,22.43136728,61.17543175,39.79241542
102.1834493,190.350999,346.1941604,253.271402,67.64122586,15.36780297,29.71367354,72.04318798,7.255753557,3.671631706,22.64779909,9.332436039,15.70441297,8.570430032,15.36780297,15.77795373,73.03755509,79.6940304,11.5259624,53.88316175,44.39776458,17.60854102,36.77794085,9.90781983,19.10837413,37.41562074,26.63319994,58.0991895,33.36157903
131.6105304,219.9634804,359.7552669,260.0528088,55.1840192,9.160876711,32.34213561,75.58021549,13.84315279,17.40817976,22.64282673,15.85613058,13.43366649,6.394684425,9.160876711,11.38871557,81.24775326,90.61751307,15.68887246,60.63619414,39.99617815,18.23611154,30.75398096,11.09158262,21.50902084,47.97060664,28.92940102,61.03093517,44.42993858
178.1578763,243.4270694,395.7221996,279.8039909,52.37554121,14.76844985,35.34823008,82.27461486,22.76675217,19.09410682,27.49770566,20.3106113,19.87273439,8.380574401,14.76844985,17.64798564,85.56799318,91.77988196,11.44071332,59.21561097,35.40957421,7.961782646,27.67778987,8.070000364,21.26925857,43.71423739,29.81429517,59.62409434,50.60153183
229.5805588,235.726756,389.333119,288.6201447,43.71957105,9.575361451,34.32722701,87.12628358,28.91435088,18.78509484,30.02704158,17.83150215,29.91224311,7.390437256,9.575361451,14.77800017,95.30166718,85.9761074,2.946203824,51.39617832,32.38544627,7.627322988,22.74745525,11.84563951,15.72505002,53.54887533,31.05460449,50.70594941,45.12818082
256.6890618,238.4567503,393.1117943,280.5622767,46.18400039,12.37242296,36.07937146,91.19257928,34.47497869,26.05799626,27.82556534,15.70658504,36.75183767,9.368383267,12.37242296,16.96963366,101.7522127,89.38024974,9.94603908,47.77586519,27.48923586,9.98505678,21.86299571,8.708198919,11.94864391,57.61870697,38.66820505,53.82792005,48.22280433
252.6348365,223.0715527,354.2224436,262.4438575,39.91431147,8.596863422,44.16543592,85.6805684,26.81137025,29.33483899,23.69048959,14.68400859,38.1076418,5.657198757,8.596863422,10.45322755,103.1070993,88.43572437,1.205090554,48.2088362,25.38427976,9.114920828,19.36456833,6.483988258,5.794083758,51.83823021,32.84566736,44.80127702,38.91117091
273.4935361,228.618285,384.9705735,265.4351339,36.38544181,5.208528885,45.64125574,83.55728513,37.38868287,39.15309105,35.22875277,14.90763542,36.15230471,9.565268418,5.208528885,9.052324448,108.1199627,82.48152479,4.82162512,51.87664237,22.24122576,8.123248473,16.52348143,2.83094239,3.727327045,51.57755616,38.91794199,46.04971829,33.45009624
278.1095507,235.4882999,357.094613,250.5957455,29.69577235,7.58024141,46.56765382,85.36919918,25.24374341,37.35181014,27.4483082,16.82988002,45.04656391,8.1878285,7.58024141,12.27470819,118.2498746,85.13289852,8.271328147,51.53415909,26.08644867,9.562945959,14.15233425,1.753676403,8.786469056,45.60158179,40.66874286,38.45967129,35.48053986
270.2308092,235.4250142,328.9012026,267.657978,28.54065957,8.079125427,42.58093229,80.71633976,32.17191895,42.22395582,49.80183991,20.96282135,55.48423152,12.3369552,8.079125427,21.2606462,133.4287877,87.1958032,6.727430011,53.05358774,28.67037828,9.575518696,18.37009314,16.41405819,7.00611403,44.55397374,46.78699396,45.26739072,33.1340085
269.0012371,234.4677308,312.3380786,246.9652118,28.45361747,11.58675044,40.73554823,84.53102446,35.5994887,37.94490469,45.21380701,28.28427144,54.6485917,12.8241134,11.58675044,17.31112922,130.0986542,87.3956344,7.292772766,57.02224719,23.85118633,5.432918381,15.81910412,12.05576074,8.340256748,42.66721775,46.39011073,41.35726491,35.92410951
272.8383384,224.7602441,304.8733372,238.3332822,27.90606884,10.79338374,42.2529592,77.85850976,33.85907258,45.76830667,52.00506998,30.81358424,56.70653155,13.1566834,10.79338374,16.66010051,127.7978937,86.30629736,4.049492842,62.69948727,25.13967516,5.121306102,14.16081347,12.27708382,13.45924538,37.21408679,51.5255078,41.20445408,23.24012977
257.1769296,227.8697444,297.3832166,248.2916893,24.78411034,5.406192556,40.9157495,78.10727247,41.76635875,50.31749631,47.45664857,21.2537853,52.16613503,12.52268185,5.406192556,9.166708562,129.3410043,90.07474963,4.376441896,60.04072365,21.0629158,5.986370001,13.93545563,5.640074759,13.06806775,36.46376671,48.27890952,35.46740076,29.82729563
264.7982121,218.2842236,301.5052162,241.9368401,27.52715771,10.86955831,55.50986607,86.20790555,45.20561282,52.67140532,49.00176642,28.24328624,43.56860061,16.20402489,10.86955831,17.53761138,123.0736304,97.21732168,10.76005688,51.61348519,11.72663428,6.699841871,19.68021903,8.712903608,9.407889424,24.82720673,56.7500481,31.7183748,33.8338598
253.8438624,227.0174097,322.1475424,243.7879287,21.4958805,12.37236167,53.15436154,89.42051659,44.52100255,49.64527595,48.85033637,30.32476904,54.00336785,13.59439213,12.37236167,16.70367181,126.4722932,87.55510631,9.595458478,61.33415886,19.0036984,5.480227969,14.01647472,8.482246987,16.48347488,45.11037694,53.92399777,32.47142906,28.23622742
248.8033561,207.0894445,316.1787781,236.8863664,23.52410121,11.88330685,49.80999604,80.37052076,43.12684888,46.33578468,51.13428626,25.51353668,48.03337208,12.21051775,11.88330685,11.05667361,115.453318,83.19550667,8.911519549,69.55317953,18.40936453,3.264358611,13.90647354,7.096350325,22.19916124,30.87049389,47.43407691,28.46713214,33.36246523
232.4621332,216.1766648,286.7571665,212.9448946,26.09226195,10.19917213,54.02610942,80.51953669,45.23550669,53.86453426,47.05555362,25.72292567,46.51527485,13.05167219,10.19917213,9.65152861,113.7132838,81.65705025,5.138224073,64.85945333,12.45310434,0,12.68169323,3.414869645,23.831258,28.7652097,50.65564203,26.62945407,21.55336102
233.626346,231.4650091,283.0196916,219.0682394,17.13231635,8.320393699,45.58847238,82.3322592,54.52283657,69.29931544,46.19160959,37.42595944,44.23435343,10.52196593,8.320393699,9.836920105,117.3213814,108.141913,0,76.19834163,16.43514294,7.984894459,6.806588102,5.4315947,30.54221384,27.45595148,62.75015906,30.29979995,34.07047662
252.3772924,218.0403234,279.968377,218.5307573,23.00656979,6.296733889,54.56259278,71.12024129,49.54290535,68.12951149,40.14047653,30.88282422,48.10060306,8.388670867,6.296733889,5.00318877,120.0131702,113.0618494,7.682771683,67.72003874,12.06244502,5.474973991,7.693542074,7.251744939,19.43622228,30.78587188,54.44172869,29.5794725,34.09232335
246.0269545,215.7826555,298.3559942,203.2312582,16.5900935,10.51272328,59.67633462,66.28236929,61.01088334,69.21847425,47.9571287,27.71254855,46.84257908,5.972508487,10.51272328,8.355554465,116.3806574,98.20864222,11.53359209,65.19449941,13.84905393,4.274517214,12.43504119,8.066807679,22.92909595,49.78716757,51.28139024,30.15375757,29.41479277
256.5738035,220.0013759,300.25416,200.5471473,22.13587603,13.13789109,62.2117922,82.11618221,56.29098488,65.77198437,40.76250789,20.56177863,53.65101711,8.551313353,13.13789109,0,110.4553832,81.93028728,14.55129991,60.1076077,15.52797837,8.841126399,12.19702818,15.38140359,20.92401329,52.99623946,51.1864124,28.70434865,36.73145941
255.7382169,215.6573366,286.156248,188.708378,19.92470985,10.93362453,62.64941508,69.24115026,61.8672816,68.21957061,33.9567685,21.24565276,48.86082754,8.098200908,10.93362453,7.669431995,113.0104998,70.80700818,33.24507935,56.32795383,16.50616374,12.2322034,11.63490003,37.20721158,10.08990517,47.04489039,46.16304198,28.78469013,29.62995923
229.0928613,202.5483309,283.6197548,172.9812955,12.04967223,10.57023154,51.71372003,66.75120453,59.95883011,70.54419999,45.67270427,21.77896093,39.4652449,8.457949301,10.57023154,9.447055306,104.9059026,65.7391594,48.27788702,56.92398986,12.30227516,22.53780331,5.299391826,71.84744208,6.756677813,42.23299774,36.54177142,23.3569658,28.64238167
209.7301979,178.6089594,258.5464482,150.7383787,15.14584297,10.29283408,50.27133324,62.97639901,36.34748186,73.04612962,38.94142166,20.36285421,34.5333501,8.74392943,10.29283408,11.15154592,105.0518221,46.80610358,81.48943051,41.64904698,19.33302235,34.07353315,7.92701068,105.3468312,0,32.10745236,31.17039824,27.73443506,20.98786682
206.6448218,162.7311226,223.3469679,139.8864058,12.51641856,13.21228939,46.52808824,54.25008956,44.54755538,91.49479791,39.97764283,20.81071179,40.71945501,11.50231884,13.21228939,9.500623504,86.69453883,46.38145643,115.3228072,38.53798389,26.27581199,61.82133888,10.57853773,125.7748679,10.38636536,31.36906749,35.98092953,25.25020305,16.70001
197.0972491,144.3281368,204.9264642,116.4165146,16.12942735,21.06615218,47.48753177,48.48524888,58.7949595,92.02707715,40.1491119,20.10596215,24.90226633,11.7656609,21.06615218,8.581864127,79.58926258,35.72361907,122.4097909,33.39091309,24.83115756,89.17546706,11.1516125,126.0726423,7.775853755,26.27984457,29.77233185,17.9572722,24.64752909
183.8188005,147.0700008,180.5752433,97.10897613,16.55591751,18.71534503,47.93017676,40.90021269,63.12241886,103.9966671,38.3811287,27.35354717,29.53151115,20.63784879,18.71534503,13.62669952,69.84531223,29.71152759,132.8298671,31.88922424,28.71779376,104.9911375,13.73072975,143.2174608,13.91103935,27.80981944,30.79140921,16.81122173,18.6694285
179.4865913,154.5335717,164.4084747,101.3601828,15.15055514,18.97689983,37.58252256,33.59106909,70.16747716,87.53247828,35.36222504,24.92197322,35.27065096,17.03913296,18.97689983,8.575502899,65.71275935,27.91473842,142.3993765,31.95404038,45.4205396,118.2827812,13.3937628,146.9072431,14.7992466,29.38792434,23.93886586,17.39346644,15.61164912
185.5068893,155.4317234,177.4124769,112.9208242,9.37143821,11.17078732,20.98506105,37.23471023,53.011994,51.04204962,31.47105195,21.66782276,30.2241749,2.025864759,11.17078732,2.17660471,65.69737861,22.44198707,114.8814473,28.5591851,43.20225084,88.07340672,0,101.9040468,18.93361774,25.10448843,24.40261902,14.31296234,16.71680607
212.0134574,181.9701707,194.5253639,148.7007963,15.66349522,17.80199564,43.81592412,44.71520751,46.41497851,30.54781866,48.1198661,17.59610522,34.09508289,11.2036585,17.80199564,8.200409627,78.74199576,31.89666709,65.96086104,35.87713385,40.67759142,74.18295762,13.84166152,92.30815711,28.07911656,34.44211368,29.85642103,20.64367671,19.25753263
231.2416746,203.1411868,236.0859213,166.323464,16.673476,15.01304811,45.57612229,52.49465979,46.72048606,38.19812703,49.04039213,27.49656985,48.11345395,13.30588506,15.01304811,8.314866485,84.06356812,40.91326605,50.65171934,44.0084477,40.13972514,66.88864012,9.7305618,66.78693716,38.28287281,37.47083417,38.88640441,23.1599587,27.87451138
231.9061999,208.6459338,257.4419753,181.3294649,17.97631638,10.13798437,50.05427734,53.59827399,46.98489299,31.08505287,47.2718954,26.28560908,49.34674584,13.5662415,10.13798437,12.84067116,96.62996298,34.52616477,33.9311217,63.36325734,32.06344558,60.78824388,12.18109983,52.04892274,35.78694244,39.12722128,40.60642614,18.43120827,22.27790161
238.7373106,213.1205548,268.4077431,180.2224628,16.10626261,9.293352358,71.96855984,62.6958359,39.75054735,27.7497011,42.73249397,24.42297418,44.77454444,9.803813349,9.293352358,7.621955869,91.83660795,45.81556464,32.04800527,67.97139361,27.08535376,54.05201555,11.13441565,36.35847158,48.04957438,38.86719959,37.76164863,15.17061536,31.29782285
199.4282783,193.0976036,251.3578114,184.8934072,12.27176122,11.19835548,46.92919703,64.27767047,42.45061851,30.59155118,55.25477209,23.77924774,42.89393022,13.63550025,11.19835548,15.24028352,82.50780235,46.40311336,17.9505578,73.26785185,24.08345157,43.20963945,6.38318957,37.66272608,64.35912179,26.00045225,36.67789171,20.35954954,30.13120405
206.5409648,192.0132143,261.7797444,174.1535955,16.55515886,18.06795802,51.90263643,57.09677256,44.99783446,49.77079172,57.41208084,31.54374656,42.42931832,11.83182932,18.06795802,15.4297437,88.00114997,56.49778854,17.25691565,70.00522802,29.20561374,43.76939296,10.48340217,31.60500351,64.34637853,29.61348517,43.14564425,20.69214381,35.52907285
214.0027426,177.7985346,258.8031793,162.9124746,10.72029864,11.88237617,51.36139628,58.62493551,49.27416524,56.37140343,51.55132387,28.92173967,33.20801038,8.769156075,11.88237617,12.40268178,73.45324655,53.96928912,12.87224203,73.673243,26.87074556,31.45749741,11.06266488,25.18012689,78.35558635,24.63046841,45.94708738,17.16664704,39.07291503
199.2745621,178.258637,251.1515342,161.3823497,15.1509275,13.69994567,60.3095175,45.24928514,58.97899476,50.38478481,52.17278566,24.27944821,31.84302207,14.51052982,13.69994567,9.742770748,80.02162022,51.00546445,6.800038052,80.6891339,20.75414223,36.87209991,13.14139737,20.40595779,103.7111974,25.82808341,39.26570132,14.43439133,40.06252237
184.8569044,175.6336153,253.5567491,169.4993851,13.36513845,14.71603715,46.23672433,58.78158088,41.07803706,56.53613496,41.66049601,28.22141793,26.92100467,3.892861294,14.71603715,12.63565232,59.99444208,65.6927171,14.69635997,73.73832349,18.51017386,36.89519484,4.439304552,18.10072718,123.4288105,22.57911982,47.65116324,17.20672057,46.25375869
191.0449628,161.1478703,250.4768773,160.5404084,16.03229524,16.6741342,69.55503974,67.44635587,48.07783475,63.22670724,46.92381023,27.30895421,25.16927566,7.800468868,16.6741342,2.565858478,61.51918658,64.65120226,12.14723648,101.8254084,22.52280122,35.51385194,10.10979535,9.99300296,133.5070674,20.58750921,41.90620118,13.43813345,38.8649624
195.4675338,168.5318745,242.6899476,167.8401338,11.05489918,11.9047877,59.95085867,63.53611064,59.29861835,65.37436895,33.38934647,28.41665711,21.41482492,7.894897106,11.9047877,7.27524991,53.53826399,66.2087644,2.919073458,116.4656348,25.6735052,25.70591443,7.302660475,8.991711727,111.2473015,20.92865569,48.90465196,9.440270124,37.94334727
199.5674317,176.8584966,229.1146948,176.8365669,14.89486773,15.69112693,52.16337251,70.67490406,52.82504223,73.30049857,41.03250834,27.24667828,24.65025982,10.15698349,15.69112693,14.04097168,63.17886581,61.76031896,4.159323818,134.5493855,30.66678167,33.530276,16.22550873,16.22684241,112.4098595,21.00885198,51.90421751,17.19426871,41.60259768
212.826254,180.652336,234.9897039,153.6358115,16.23110259,20.5733243,48.3838957,58.70667963,55.34365531,67.14593946,50.71676922,25.98794103,27.65454533,9.592472665,20.5733243,12.68585132,64.37192035,59.26679885,13.6643497,212.0677552,23.25048121,28.62773134,15.77540661,24.27792354,130.39526,16.46301735,52.11933907,15.9974747,41.93770179
176.2379723,171.8854915,217.7023145,171.3819026,8.527168077,22.12521765,48.60229011,65.2059492,42.59152121,61.60759195,37.54113255,22.15016191,19.9893673,13.36215268,22.12521765,5.79646119,63.42212433,62.93409687,12.44869109,229.9608025,24.7222959,35.54961598,14.5069696,13.83459061,178.3415962,16.47109683,54.82294324,11.52901637,36.9316484
153.2669881,166.5667084,217.0516607,162.919251,17.49298515,19.53328887,65.62356123,56.37483973,57.81730986,61.97038061,35.02151419,25.9734803,19.13439855,14.16165909,19.53328887,7.150710029,51.1483883,49.73537776,8.197810133,260.5581345,32.73289882,39.17110951,15.3869472,9.111978872,176.0848174,19.56127508,51.25282757,10.96344195,43.33410924
156.2243422,168.999301,213.8337934,162.9864411,14.52433117,15.74536815,43.21089312,67.81071078,57.06918073,57.80734261,40.94788315,25.34580687,17.91375613,13.79452589,15.74536815,13.25692174,58.79429887,55.38277873,5.074910642,206.2594354,30.15582022,31.9028322,13.29751733,17.84228524,144.5272331,18.07860037,44.48961432,11.21261054,38.84092438
165.5515203,164.5534416,205.8775115,161.3351368,10.34066621,17.1257794,38.85812269,59.70679772,54.93569958,64.54046524,36.1501362,21.02051402,15.96695711,6.556766603,17.1257794,7.423154133,60.681257,54.06683266,12.36498869,162.6193233,22.95063586,22.87730967,5.200215479,19.56449002,72.39975,15.1388773,36.21175768,12.89257414,37.49760998
187.378583,185.0798234,221.3827646,168.6670946,12.83360769,11.62042667,53.09545027,66.67674385,61.82942372,71.93921621,40.66575745,25.62025427,25.08258752,12.46877183,11.62042667,7.019475398,65.55428906,70.77876325,18.77444911,120.6072497,27.41512771,34.8563394,12.1199608,21.71411458,50.45782984,23.63315206,52.32767599,17.97106545,41.00943125
198.0411741,159.1444616,231.2414478,163.1652063,10.58384928,8.460038608,49.01681542,66.36997922,67.51082144,72.51489338,39.05870533,22.5467212,26.10198564,9.638282735,8.460038608,0.893982314,62.96913656,77.99989404,14.80028695,90.32330178,23.24053488,25.82701649,9.553919814,28.00395289,44.33551378,25.5552072,41.94538896,15.72897993,31.05031211
212.2764322,162.4223488,239.2411205,174.1751094,15.4951926,16.48047574,65.67880258,71.97971809,65.39559988,67.13200416,41.74372692,30.03614268,35.77371572,14.86397204,16.48047574,9.738253597,64.64477059,74.81005087,26.308875,66.18252858,25.15617071,18.78865303,13.45714034,37.91307224,39.10553332,34.56415756,44.71302938,14.85563332,32.47984493
210.113558,158.3955878,232.3627443,165.1333036,14.4524756,16.86117816,66.94087881,62.87552475,60.22197866,65.81611535,33.20208205,23.68619574,38.56641427,11.27259572,16.86117816,2.179990503,66.24402193,70.92947901,42.66379215,59.64359606,20.72457855,27.21329586,14.33514984,51.37436979,24.82695596,27.08589469,42.36069197,17.58770927,28.3695283
190.0215113,137.9910832,215.9096319,151.6307479,18.27417397,14.71741834,62.98526632,55.03301426,52.0610924,64.32746129,33.46184433,28.95970948,37.7368978,9.74785157,14.71741834,7.530812209,70.70841457,50.50611105,100.1925978,49.89297398,26.5407497,47.43726728,15.42261387,77.00057056,15.20236537,29.45362273,30.45876525,18.23874736,25.91836329
179.3621241,129.1404804,194.6455776,119.1812345,13.85183678,18.44545738,65.76644164,62.05901581,46.7655278,70.53953963,29.75429761,21.88071792,36.75198266,20.45357033,18.44545738,10.58857253,49.92909615,34.28705955,140.0939184,50.47769534,25.8623667,62.577246,15.46267698,96.58990172,8.868888291,36.80888786,31.09664302,12.35370849,23.70326501
176.6927169,108.1597945,153.8506507,100.3790527,14.57521951,33.09581758,51.89493742,40.51798025,65.95895512,75.60953644,22.24345647,21.43489645,38.78752432,22.47300273,33.09581758,1.947481447,48.63773214,22.26990655,168.3220564,46.06236174,31.61852913,96.03301876,15.04708235,124.7098134,14.51499345,25.78594624,27.1750621,8.521581133,21.09442711
138.3329514,82.56949197,142.2755829,94.78480318,15.9925166,47.05277516,43.17933912,40.35062537,77.15364086,78.32816089,31.61271715,33.37119362,31.94336136,25.49091524,47.05277516,3.686494291,49.37451191,26.5036957,144.0960319,35.74680171,37.19653304,131.1960716,22.1116664,178.6379331,15.7775548,20.02159716,30.71998664,17.31014076,23.38613369
110.9421904,61.08560507,102.3082059,65.57878076,18.10210271,81.06376541,30.99080534,33.24522477,75.34493201,59.08521103,28.19793683,21.03188445,29.17122977,65.29795643,81.06376541,7.787971738,37.06057701,24.59624871,141.5311463,38.03927151,41.74745467,133.8150384,29.54358607,191.424723,17.56771946,19.62841884,24.60217363,15.6893913,15.98725742
104.4999794,50.84078322,88.96116349,58.84966983,29.45452025,112.4595265,40.32300151,26.24924999,74.102035,70.66155443,25.47540935,23.8724348,35.39928203,104.5274454,112.4595265,6.784623902,32.91124413,23.02687732,124.4856776,33.33896687,52.70164763,161.3477435,44.44245218,202.3960196,20.83113414,27.03012403,22.38214207,13.83506406,19.51582994
81.08372837,46.86277687,82.72473879,48.39620716,29.44494409,112.006947,34.55431813,26.62496203,67.67261463,74.8185116,23.95679077,19.73111338,28.84740504,120.0442612,112.006947,7.69405777,35.71909465,15.28131511,130.9875762,27.8447069,54.72162868,149.342304,44.04767132,202.1430272,19.64651314,19.14847216,18.43489184,8.072580199,10.20432767
85.5327158,41.19549796,71.78400216,41.2594049,29.03672441,172.2971107,38.39962678,20.57204269,68.14421273,56.35515789,23.49111276,22.03602102,26.50655374,127.4975492,172.2971107,4.836837124,25.4081265,10.59016524,131.6098344,28.8236619,60.58288756,154.38465,46.86139208,190.8933155,34.46882265,18.46199602,18.87024456,12.71059137,12.10431508
65.59558922,33.58259353,61.73370311,39.01348532,40.89326038,189.6290415,29.65666229,14.37531941,59.18714944,50.00810322,10.63334237,23.54630065,26.65066335,207.8842424,189.6290415,9.326722089,26.27080318,9.066258684,107.740374,35.05143133,66.05750592,159.7675063,58.21433945,174.8396708,42.88961057,14.52865095,17.90840771,7.190336854,14.46693434
55.54117892,30.9373308,55.22385445,25.84392633,50.76443845,196.6516591,25.51253138,17.45760807,67.97265338,54.6933071,5.952924316,15.95299627,21.03087366,251.7781943,196.6516591,8.093328061,27.43176272,8.746786166,105.4841781,29.10562772,71.99975619,146.4539031,70.20868299,160.7936177,63.51990346,12.38215756,11.14367551,9.003050991,6.934199217
47.76591585,23.16368648,51.05754637,24.36006953,65.11299333,201.9220655,27.8859612,16.17334485,49.42800474,36.54242498,8.474263135,19.05333705,18.21611727,302.4877821,201.9220655,10.12127172,18.8574037,5.806252493,62.77987833,22.03771165,71.57150449,154.2192075,79.08547732,121.6808431,90.26756058,11.32452182,15.70170318,12.21963633,8.138969402
36.11823089,22.20066565,42.79760364,31.13165087,72.45680394,147.6584773,15.81358078,23.29175649,59.70316283,37.99877643,16.74354525,18.88481445,16.18648151,295.7636629,147.6584773,17.76332059,21.71616064,12.49058122,37.78943318,30.96368381,76.78813252,153.5392794,84.58799986,108.9791192,135.5022392,7.641316825,16.5190046,15.53436107,17.68867457
32.65713757,25.01749904,33.53378295,21.27733547,80.19620094,158.2013349,15.53591022,16.64947443,58.55525173,33.91640057,17.91707316,20.26450028,10.82879392,248.0498101,158.2013349,16.81055292,19.43892537,5.882241125,23.20461596,29.37542274,77.4159641,139.591621,84.53621508,66.67900581,152.6921321,8.556091215,15.77911627,10.67201158,10.07761138
33.51263165,25.18073896,29.00138091,20.92396355,85.74433708,146.9718457,19.49927626,14.50081954,61.18894745,64.65462464,17.28891634,21.29796237,16.05036341,234.4554072,146.9718457,10.82424057,24.90866616,11.66847831,11.09318665,27.98105504,86.51485061,135.3254708,95.23238049,48.58904183,170.7640761,14.18063924,16.62704284,15.12009993,11.05821907
34.23658357,28.3921914,27.91891455,19.24430393,90.97795258,153.6850657,17.35311187,13.43563129,52.44038441,48.42517742,20.03856987,18.8854762,12.79174,224.3070091,153.6850657,13.69476547,14.54254795,7.026968658,14.60278902,30.23072204,93.94951161,135.7895415,97.64911598,40.07512331,189.7323335,5.056913717,15.14697189,12.49432389,10.22112915
37.09287588,19.15603227,22.70008524,22.00240354,98.51814009,133.1085061,13.68978893,11.17860799,64.24701325,62.26614962,8.503999377,21.28679671,11.39956486,217.955394,133.1085061,9.718748607,13.80046749,5.135557909,21.51095693,22.3896191,91.89894622,121.9541747,96.65241871,61.10952664,127.2916212,5.070065679,14.44476738,9.961387749,5.208274159
41.62518022,19.01497688,23.6525121,18.53977998,106.9006086,167.2129367,13.36336891,7.343117891,72.42731316,55.23472799,14.99809805,22.31120563,17.05699578,200.5597449,167.2129367,16.66392394,15.89118653,8.581161666,29.68923063,23.49868445,103.736786,143.688026,107.6002428,83.41298525,76.24176712,4.797732718,12.31798181,14.77396989,8.665561867
31.95023594,15.5849944,22.13060071,10.9671086,110.4775545,188.6695676,12.7711838,7.556344223,50.81988042,43.19137037,4.928362376,17.44204121,10.11247546,243.9821251,188.6695676,7.696294254,9.470073945,3.226996118,29.93047363,24.89100943,85.89795998,147.75074,77.33439267,124.8071504,45.9945645,4.496628195,12.58885133,2.043084633,5.919531544
24.38422026,10.53829137,21.84732125,6.817226554,125.0793731,195.694116,20.05829263,4.952345481,56.69323409,60.1970943,1.702588837,9.096538061,15.69209619,283.5923295,195.694116,9.213474893,9.193027588,7.193144902,28.05666712,14.84467939,96.45393423,140.0252452,82.16607023,135.3576898,45.07035585,3.169570666,6.064913646,1.042655716,9.193021824
19.01938208,8.996516092,18.09821551,6.227126854,121.5832826,181.9885416,12.7165893,0,50.6002058,61.45158608,12.92653684,12.16390277,12.10505878,227.7447961,181.9885416,6.723475761,6.709082026,3.139213231,40.61415325,9.980433234,89.2138678,133.9766533,73.81914355,144.4786787,41.95460244,0.48520792,7.025168645,0.632899409,8.514156831
18.98584694,7.754801897,11.94929833,5.748014512,124.3301381,170.5374561,12.63549294,5.483779461,35.67130981,46.76649868,0.409643334,10.98766344,15.71247134,216.787798,170.5374561,4.062588788,2.991709055,1.419551926,43.97623163,12.80156348,92.11892901,128.374826,77.44245301,161.4898521,35.39208381,0.736189183,8.994016576,0,0.410311767
26.45576869,3.201766063,14.24890566,4.750059941,122.1202063,146.3011864,13.70617345,7.629643303,40.49055422,50.38955127,3.794859565,13.25988951,18.33672018,178.0716988,146.3011864,2.179183388,10.41480109,0.344173102,59.85891091,14.02258975,100.4856819,141.5892669,76.78028263,164.5879326,38.91331163,5.867362995,5.918466397,6.580547132,3.814496167
22.62804042,7.442732741,12.18324324,5.92017928,133.1680577,163.9000732,6.045382278,2.425137068,46.04216925,47.28306623,20.21921821,13.9087685,20.67849933,208.4151376,163.9000732,16.24349571,8.64815677,0,40.90759464,9.366169214,109.1236822,134.3124208,95.78707523,161.6424491,36.76432625,12.15432716,8.775512452,8.551714244,9.087016709
15.90204274,6.544126255,14.32526412,6.023741819,136.2808352,206.9830178,5.206000754,9.697169818,33.44907185,32.90669848,15.55678032,15.08695964,21.85850212,278.2086911,206.9830178,26.03571834,14.46939691,1.431520615,29.93812071,7.680217382,113.9843858,114.6184708,95.92948499,106.1535325,49.47377749,5.130209013,9.424778389,8.873171183,5.327047435
17.25901165,3.551359787,9.823644194,10.61788398,161.3292766,213.7267863,6.248860447,6.302406863,28.88094594,22.46385003,16.99441336,14.84245816,16.72151774,287.3442026,213.7267863,27.53077087,12.71450221,0.07410071,20.39941855,16.54571136,115.5419744,116.1579662,98.59973512,73.63297284,72.43902821,4.107332147,10.73821368,9.082495712,11.48359757
8.184132811,8.483718119,8.543187486,5.346431246,153.6773181,172.8860693,5.658171192,5.183781995,25.59259184,39.04930465,9.336634764,6.274966812,10.31915308,277.6829691,172.8860693,31.66106429,3.43275985,3.530737201,18.52668931,12.00255922,106.6915995,106.1071783,93.76780372,59.433432,116.3695872,0.51935211,3.79802449,5.17863594,13.8957015
11.51790119,5.386673946,2.822000436,10.35853453,161.2947376,154.8760227,6.433153319,7.255659134,26.00744473,49.10507869,4.862162773,12.98222681,7.482827794,264.5267075,154.8760227,33.17667527,5.262318407,2.302080508,13.11484143,13.70407838,106.5185288,107.3899497,89.45084762,41.48445686,158.4209469,3.414680473,7.58401624,2.411733809,9.750677657
8.41340729,1.603445445,7.448397327,10.57292536,178.118936,173.442425,4.969015935,2.660051788,45.04484568,56.57018061,6.818019384,13.97570688,6.603943491,254.5840327,173.442425,47.71051177,9.177062132,5.615205479,9.795728206,16.84556324,104.962784,102.0532486,97.35924679,36.93433826,182.8356813,6.607840023,9.332308033,5.755410943,11.00504165
9.573623151,0.243017142,8.267919588,9.5521018,178.9730285,143.7732554,6.126279232,3.842205861,37.99727676,52.28134648,2.878095255,8.335391929,1.494533073,247.4512451,143.7732554,37.9507295,6.778572679,2.669420351,8.994469364,19.41204506,98.69733683,101.5781969,97.57077209,23.94128086,216.9736592,2.091535814,9.521787562,1.152644332,10.61996773
7.666915832,2.108188594,4.202740431,0,163.6195496,151.5700899,2.753536659,6.051534763,41.46985284,70.62223285,0,9.712627366,0,259.9841945,151.5700899,49.18764526,6.599949037,3.260411932,12.99796112,18.62351717,97.91359927,114.6650956,92.32248226,39.71417581,150.5964919,0,11.48655928,2.857667212,7.175336903
9.076916914,0,6.916503322,8.768029405,172.5697814,141.5201332,6.731258463,7.007191095,33.24043508,82.94618152,5.944544914,16.0858699,4.535627259,229.0577923,141.5201332,41.69966204,10.93226133,6.420646119,24.2693183,15.72257431,98.75149813,130.1241926,98.48542831,69.01254041,83.68372883,11.41062142,11.33718845,6.115674934,14.39501183
11.66744343,2.871813216,9.310280959,8.121069479,172.2906239,124.5970583,1.952721485,8.838403822,33.91195167,57.49551103,7.227938875,11.75401022,4.079253627,207.509849,124.5970583,34.66212344,6.435774994,6.036622557,38.02411588,13.14256616,89.01318691,131.4534038,94.74202988,102.7890715,51.33180947,8.54215544,13.30481543,14.43612178,6.45149312
0,4.771633717,5.911062649,8.614971564,155.3776999,118.0436322,1.736129563,4.124935415,32.29294285,52.34542986,11.63051276,15.14326294,3.906052955,203.4068783,118.0436322,35.32241985,6.009283361,4.511259661,51.89333205,12.4732253,89.21523354,138.4547503,84.86377513,117.1617758,40.82642088,6.038518788,8.9756234,22.7973987,3.569219162
6.99802654,7.296926241,13.54908538,5.335573291,157.6277722,115.8990273,6.638373662,8.692968117,38.12211413,61.46689862,17.88346124,20.00696388,11.58562257,189.9673213,115.8990273,49.44403697,4.878078003,4.685622657,51.62236459,14.3718479,94.08789393,140.3916281,91.0402287,155.9010887,43.86871897,8.839370168,9.167966825,23.23747563,7.237865799
